Flowrate,Exposure Time,Average Value
200ml,0.001,0.365205787215658
50ml,0.001,0.3674740668502715
100ml,0.001,0.3323044919734005
0ml,0.001,0.36518423891667934
238ml,0.001,0.35935235603053606
150ml,0.001,0.3713850274232788
